,Brand,Distributor,LinkofProduct,Name,Price,SKU
0,"""HP"";","""7158"";",https://www.senheng.com.my/hp-notebook-14s-cf2039tx-14s-cf2038tx-14-inch-4gb-512gb-ssd-i5-10210u-amd-radeon-530-graphics.html,HP Notebook 14s-cf2039tx / 14s-cf2038tx 14 Inch (4GB/512GB SSD/i5-10210U/AMD Radeon™ 530 Graphics),"RM 2,169.00","""HP-14CF-CFG"";"
1,"""Apple"";","""7158"";",https://www.senheng.com.my/apple-16-inch-macbook-pro.html,Apple 16-inch MacBook Pro,"RM10,499.00","""APP-MBP16-2020-CFG"";"
2,"""Apple"";","""7158"";",https://www.senheng.com.my/apple-13-inch-macbook-pro-with-touch-bar-and-two-thunderbolt-3-ports.html,Apple 13-inch MacBook Pro with Touch Bar and Two Thunderbolt 3 ports,RM489.00,"""APP-MBP13-2020-2USB-CFG"";"
3,"""MSI"";","""7158"";",https://www.senheng.com.my/msi-23-6-inch-optix-g241vc-msi-g241vc.html,MSI 23.6 Inch Optix G241VC MSI-G241VC,RM649.00,"""MSI-G241VC"";"
4,"""MSI"";","""7158"";",https://www.senheng.com.my/msi-14-prestige-14-inch-i5-10210u-512gb-nvme-pcie-ssd-ddr-iv-16gb-2666mhz-mx330-2gb-gddr5-msi-p14-a10ras-223my.html,"MSI 14 Prestige 14 Inch (I5-10210U/512GB NVMe PCIe SSD/DDR IV 16GB 2666MHz/MX330, 2GB GDDR5) MSI-P14-A10RAS-223MY","RM4,299.00","""MSI-P14-A10RAS-223MY"";"
5,"""Apple"";","""7158"";",https://www.senheng.com.my/apple-macbook-air-m1-chip-2020.html,"Apple MacBook Air (M1 chip, 2020)","RM4,399.00","""APP-MACBOOKAIR-M1-2020-CFG"";"
6,"""Apple"";","""7158"";",https://www.senheng.com.my/apple-13-inch-macbook-pro-m1-chip-2020.html,"Apple MacBook Pro (13-inch, M1 chip, 2020)","RM5,599.00","""APP-MACBOOKPRO-M1-2020-CFG"";"
7,"""MSI"";","""7158"";",https://www.senheng.com.my/msi-mpg-artymis-343cqr-34-inch-monitor-msi-mpg343cqr.html,MSI MPG ARTYMIS 343CQR 34 Inch Monitor MSI-MPG343CQR,"RM3,999.00","""MSI-MPG343CQR"";"
8,"""MSI"";","""7158"";",https://www.senheng.com.my/msi-mpg-trident-as-10th-msi-mpgtrident-as60.html,MSI MPG Trident AS 10th MSI-MPGTRIDENT-AS60,"RM7,499.00","""MSI-MPGTRIDENT-AS60"";"
9,"""MSI"";","""7158"";",https://www.senheng.com.my/msi-mpg-trident-as-10th-msi-mpgtrident-as70.html,MSI MPG Trident AS 10th MSI-MPGTRIDENT-AS70,"RM8,999.00","""MSI-MPGTRIDENT-AS70"";"
10,"""MSI"";","""7158"";",https://www.senheng.com.my/msi-optix-g27cq4-27-inch-monitor-msi-g27cq4.html,MSI Optix G27CQ4 27 Inch Monitor MSI-G27CQ4,"RM1,638.00","""MSI-G27CQ4"";"
11,"""Apple"";","""7158"";",https://www.senheng.com.my/apple-magic-keyboard-for-ipad-pro-12.9%E2%80%91inch-4th-generation.html,Apple Magic Keyboard for iPad Pro 12.9‑inch (4th generation),"RM1,549.00","""APP-MXQU2ZA/A"";"
12,"""Microsoft"";","""7158"";",https://www.senheng.com.my/microsoft-surface-pro-7.html,Microsoft Surface Pro 7,"RM3,899.00","""MS-SUR-PRO7-CFG"";"
13,"""TP-Link"";","""7158"";",https://www.senheng.com.my/tp-link-ax3000-whole-home-mesh-wi-fi-6-system-deco-x60-2-pack.html,TP-Link AX3000 Whole Home Mesh Wi-Fi 6 System Deco X60(2-pack),"RM1,199.00","""TP-DECOX60.2PK"";"
14,"""TP-Link"";","""7158"";",https://www.senheng.com.my/tp-link-ac1200-wireless-dual-band-4g-lte-router-archer-mr400.html,TP-Link AC1200 Wireless Dual Band 4G LTE Router Archer MR400,RM429.00,"""TP-ARCHERMR400"";"
15,"""MSI"";","""7158"";",https://www.senheng.com.my/msi-modern-14-14-inch-laptop-i5-10210u-512gb-nvme-pcie-gen3x4-ssd-m14-b10rbs-408my.html,MSI Modern 14 14-Inch Laptop (I5-10210U/512GB NVMe PCIe Gen3x4 SSD) M14-B10RBS-408MY,"RM3,399.00","""MSI-M14-B10RBS-408MY"";"
16,"""Acer"";","""7158"";",https://www.senheng.com.my/acer-aspire-5-15.6-inch-laptop-i5-1135g7-8gb-onboard-ddr4-512g-pcie-ssd-a515-56-51gf.html,Acer Aspire 5 15.6 Inch Laptop (i5-1135G7 /8GB OnBoard DDR4 /512G PCIe SSD) A515-56-51GF,"RM3,149.00 3,199.00","""ACE-A515-56-51GF"";"
17,"""Microsoft"";","""7158"";",https://www.senheng.com.my/microsoft-surface-mini-display-port-hdmi-adapter.html,Microsoft Surface Mini Display Port HDMI Adapter,RM175.00,"""MS-MIC-EJT-00002"";"
18,"""Huawei"";","""7158"";",https://www.senheng.com.my/huawei-15.6-inches-matebook-d15-i5---11th-gen-hua-mbookd1511th-i5.html,HUAWEI MateBook D15 i5 (11th Gen) - Mytic Silver,"RM3,899.00","""PAC-MBOOKD1511-I5-GF"";"
19,"""xiaomi"";","""7158"";",https://www.senheng.com.my/xiaomi-mi-portable-mouse.html,Xiaomi Mi Portable Mouse,RM76.00,"""XMI-MOS-CFG"";"
20,"""TP-Link"";","""7158"";",https://www.senheng.com.my/tp-link-ax1500-wi-fi-6-router-archer-ax10.html,TP-Link AX1500 Wi-Fi 6 Router Archer AX10,RM259.00,"""TP-ARCHERAX10"";"
21,"""TP-Link"";","""7158"";",https://www.senheng.com.my/tp-link-300mbps-wi-fi-range-extender-with-ac-passthrough-tl-wa860re.html,TP-Link 300Mbps Wi-Fi Range Extender with AC Passthrough TL-WA860RE,RM99.00,"""TP-TL-WA860RE"";"
22,"""Apple"";","""7158"";",https://www.senheng.com.my/apple-magic-trackpad-2-space-grey.html,Apple Magic Trackpad 2-Space Grey,RM579.00,"""APP-MRMF2ZA/A"";"
23,"""Microsoft"";","""7158"";",https://www.senheng.com.my/microsoft-wireless-mobile-mouse-1850-wool-blue-ms-mic-u7z-00015.html,Microsoft Wireless Mobile Mouse 1850 (Wool Blue) MS-MIC-U7Z-00015,RM57.00,"""MS-MIC-U7Z-00015"";"
24,"""Acer"";","""7158"";",https://www.senheng.com.my/acer-15-6-inch-predator-helios-300-ace-ph315-53-791w.html,Acer 15.6 Inch Predator Helios 300 ACE-PH315-53-791W,"RM5,749.00 5,799.00","""ACE-PH315-53-791W"";"
25,"""Apple"";","""7158"";",https://www.senheng.com.my/apple-smart-keyboard-for-ipad-7th-generation-and-ipad-air-3rd-generation-us-english.html,Apple Smart Keyboard for iPad (7th generation) and iPad Air (3rd generation) - US English,RM649.00,"""APP-MX3L2ZA/A"";"
26,"""TP-Link"";","""7158"";",https://www.senheng.com.my/tp-link-ac1300-whole-home-mesh-wi-fi-system-deco-m5-2-pack.html,TP-Link AC1300 Whole Home Mesh Wi-Fi System Deco M5(2-pack),RM539.00,"""TP-DECO-M5.2PK"";"
27,"""TP-Link"";","""7158"";",https://www.senheng.com.my/tp-link-ac1300-wireless-dual-band-pci-express-wifi-adapter-archer-t6e.html,TP-Link AC1300 Wireless Dual Band PCI Express WiFi Adapter Archer T6E,RM129.00,"""TP-ARCHERT6E"";"
28,"""Acer"";","""7158"";",https://www.senheng.com.my/acer-swift-5-14-inch-laptop-i5-1135g7-8gb-lpddr4x-512gb-pcie-ssd-sf514-55ta-55mw.html,Acer Swift 5 14 Inch Laptop (i5-1135G7/8GB LPDDR4X/512GB PCIe SSD) SF514-55TA-55MW,"RM3,974.00 3,999.00","""ACE-SF514-55TA-55MW"";"
29,"""Microsoft"";","""7158"";",https://www.senheng.com.my/microsoft-wired-desktop-600-black.html,Microsoft Wired Desktop 600-Black,RM82.00,"""MS-MIC-APB-00018"";"
30,"""Microsoft"";","""7158"";",https://www.senheng.com.my/microsoft-sculpt-comfort-desktop-ms-mic-l3v-00027.html,Microsoft Sculpt Comfort Desktop MS-MIC-L3V-00027,RM328.00,"""MS-MIC-L3V-00027"";"
31,"""Promate"";","""7158"";",https://www.senheng.com.my/promate-laptop-cooling-pad-air-base-2.html,Promate Laptop Cooling Pad Air Base-2,RM159.00,"""PRO-6959144032009"";"
32,"""Microsoft"";","""7158"";",https://www.senheng.com.my/microsoft-surface-go-2-platinum.html,Microsoft Surface Go 2 - Platinum,"RM1,955.00","""MS-MIC-GO2-CFG"";"
33,"""TP-Link"";","""7158"";",https://www.senheng.com.my/tp-link-ac1300-wireless-dual-band-usb-adapter-archer-t4u.html,TP-Link AC1300 Wireless Dual Band USB Adapter Archer T4U,RM86.00,"""TP-ARCHERT4U"";"
34,"""MSI"";","""7158"";",https://www.senheng.com.my/msi-thunderstorm-aluminum-gaming-mousepad.html,MSI Thunderstorm Aluminum Gaming Mousepad,RM155.00,"""MSI-THUNDER.ALUM"";"
35,"""TP-Link"";","""7158"";",https://www.senheng.com.my/tp-link-ac1200-whole-home-mesh-wi-fi-system-deco-m4-v1-2-pack.html,TP-Link AC1200 Whole Home Mesh Wi-Fi System Deco M4 V1 (2-pack),RM399.00,"""TP-DECO-M4.2PK"";"
36,"""TP-Link"";","""7158"";",https://www.senheng.com.my/tp-link-ac600-nano-wireless-usb-adapter-archer-t2u-nano.html,TP-Link AC600 Nano Wireless USB Adapter Archer T2U Nano,RM69.00,"""TP-ARCHERT2UNANO"";"
37,"""Apple"";","""7158"";",https://www.senheng.com.my/apple-13-inch-macbook-pro-m1-chip-2020.html,"Apple MacBook Pro (13-inch, M1 chip, 2020)","RM5,599.00","""APP-MACBOOKPRO-M1-2020-CFG"";"
38,"""Microsoft"";","""7158"";",https://www.senheng.com.my/microsoft-comfort-mouse-4500.html,Microsoft Comfort Mouse 4500,RM102.00,"""MS-MIC-4FD-00027"";"
39,"""Microsoft"";","""7158"";",https://www.senheng.com.my/microsoft-surface-pro-x-keyboard-slim-pen-black-mic-qsw-00015.html,Microsoft Surface Pro X Keyboard + Slim Pen Black MIC-QSW-00015,"RM1,219.00","""MS-MIC-QSW-00015"";"
40,"""MSI"";","""7158"";",https://www.senheng.com.my/msi-gf63-thin-15-6-inch-i5-10300h-8gb-512gb-ssd-gtx1650ti-4g-msi-gf63-9scxr-649my.html,"MSI GF63 Thin 15.6 Inch (i5-9300H/4GB/512GB SSD/GTX1650 Max Q, 4G) MSI-GF63-9SCXR-649","RM3,199.00","""MSI-GF63-9SCXR-649MY"";"
41,"""TP-Link"";","""7158"";",https://www.senheng.com.my/tp-link%20ac1600%20wlan%20telephony%20dsl%20router%20archer%20vr600v.html,TP-Link AC1600 WLAN Telephony DSL Router Archer VR600v,RM339.00,"""TP-ARCHERVR600V"";"
42,"""Microsoft"";","""7158"";",https://www.senheng.com.my/microsoft-arc-mouse-bluetooth.html,Microsoft Arc Mouse Bluetooth,RM339.00,"""MS-AMOUSE-CFG"";"
43,"""Apple"";","""7158"";",https://www.senheng.com.my/apple-magic-keyboard-with-numeric-keypad.html,Apple Magic Keyboard with Numeric Keypad,RM489.00,"""APP-MQ052ZA/A"";"
44,"""Huawei"";","""7158"";",https://www.senheng.com.my/huawei-m-pen-lite-stylus-pen-grey.html,HUAWEI M-Pen lite Stylus Pen - Grey,RM169.00,"""HUA-MPEN.LITE"";"
45,"""TP-Link"";","""7158"";",https://www.senheng.com.my/tp-link-ac2200-smart-home-mesh-wi-fi-system-decom9-plus-3-pack.html,TP-Link AC2200 Smart Home Mesh Wi-Fi System DecoM9 Plus(3-pack),"RM1,359.00","""TP-DECO-M9PLUS.3PK"";"
46,"""TP-Link"";","""7158"";",https://www.senheng.com.my/tp-link-300-mbps-wireless-n-4g-lte-router-tl-mr100.html,TP-Link 300 Mbps Wireless N 4G LTE Router TL-MR100,RM259.00,"""TP-TL-MR100"";"
47,"""HP"";","""7158"";",https://www.senheng.com.my/hp-notebook-14s-cf2039tx-14s-cf2038tx-14-inch-4gb-512gb-ssd-i5-10210u-amd-radeon-530-graphics.html,HP Notebook 14s-cf2039tx / 14s-cf2038tx 14 Inch (4GB/512GB SSD/i5-10210U/AMD Radeon™ 530 Graphics),"RM 2,169.00","""HP-14CF-CFG"";"
48,"""Apple"";","""7158"";",https://www.senheng.com.my/apple-16-inch-macbook-pro.html,Apple 16-inch MacBook Pro,"RM10,499.00","""APP-MBP16-2020-CFG"";"
49,"""Apple"";","""7158"";",https://www.senheng.com.my/apple-13-inch-macbook-pro-with-touch-bar-and-two-thunderbolt-3-ports.html,Apple 13-inch MacBook Pro with Touch Bar and Two Thunderbolt 3 ports,RM489.00,"""APP-MBP13-2020-2USB-CFG"";"
50,"""MSI"";","""7158"";",https://www.senheng.com.my/msi-23-6-inch-optix-g241vc-msi-g241vc.html,MSI 23.6 Inch Optix G241VC MSI-G241VC,RM649.00,"""MSI-G241VC"";"
51,"""MSI"";","""7158"";",https://www.senheng.com.my/msi-14-prestige-14-inch-i5-10210u-512gb-nvme-pcie-ssd-ddr-iv-16gb-2666mhz-mx330-2gb-gddr5-msi-p14-a10ras-223my.html,"MSI 14 Prestige 14 Inch (I5-10210U/512GB NVMe PCIe SSD/DDR IV 16GB 2666MHz/MX330, 2GB GDDR5) MSI-P14-A10RAS-223MY","RM4,299.00","""MSI-P14-A10RAS-223MY"";"
52,"""Apple"";","""7158"";",https://www.senheng.com.my/apple-macbook-air-m1-chip-2020.html,"Apple MacBook Air (M1 chip, 2020)","RM4,399.00","""APP-MACBOOKAIR-M1-2020-CFG"";"
53,"""Apple"";","""7158"";",https://www.senheng.com.my/apple-13-inch-macbook-pro-m1-chip-2020.html,"Apple MacBook Pro (13-inch, M1 chip, 2020)","RM5,599.00","""APP-MACBOOKPRO-M1-2020-CFG"";"
54,"""MSI"";","""7158"";",https://www.senheng.com.my/msi-mpg-artymis-343cqr-34-inch-monitor-msi-mpg343cqr.html,MSI MPG ARTYMIS 343CQR 34 Inch Monitor MSI-MPG343CQR,"RM3,999.00","""MSI-MPG343CQR"";"
55,"""MSI"";","""7158"";",https://www.senheng.com.my/msi-mpg-trident-as-10th-msi-mpgtrident-as60.html,MSI MPG Trident AS 10th MSI-MPGTRIDENT-AS60,"RM7,499.00","""MSI-MPGTRIDENT-AS60"";"
56,"""MSI"";","""7158"";",https://www.senheng.com.my/msi-mpg-trident-as-10th-msi-mpgtrident-as70.html,MSI MPG Trident AS 10th MSI-MPGTRIDENT-AS70,"RM8,999.00","""MSI-MPGTRIDENT-AS70"";"
57,"""MSI"";","""7158"";",https://www.senheng.com.my/msi-optix-g27cq4-27-inch-monitor-msi-g27cq4.html,MSI Optix G27CQ4 27 Inch Monitor MSI-G27CQ4,"RM1,638.00","""MSI-G27CQ4"";"
58,"""ASUS"";","""7158"";",https://www.senheng.com.my/asus-rog-strix-g15-17-15-6-inch-g512li-i5-10300h-8gb-512gb-ssd-gtx1650ti-4g-asu-g512l-ial008t.html,ASUS ROG Strix G15 15.6 Inch G512LI (i5-10300H/8GB/512GB SSD/GTX1650TI 4G) ASU-G512L-IAL008T,"RM4,099.00","""ASU-G512L-IAL008T"";"
59,"""MSI"";","""7158"";",https://www.senheng.com.my/msi-modern-15-15.6-inch-laptop-i7-10510u-512gb-nvme-pcie-gen3x4-ssd-msi-m15-a10rbs-469my.html,MSI Modern 15 15.6-Inch Laptop (I7-10510U/512GB NVMe PCIe Gen3x4 SSD) MSI-M15-A10RBS-469MY,"RM3,899.00","""MSI-M15-A10RBS-469MY"";"
60,"""Microsoft"";","""7158"";",https://www.senheng.com.my/microsoft-surface-laptop-3.html,Microsoft Surface Laptop 3,"RM4,039.00","""MS-SUR-LPT3-CFG"";"
61,"""TP-Link"";","""7158"";",https://www.senheng.com.my/tp-link-ax1800-whole-home-mesh-wi-fi-6-system-deco-x20-2-pack.html,TP-Link AX1800 Whole Home Mesh Wi-Fi 6 System Deco X20(2-pack),RM799.00,"""TP-DECOX20.2PK"";"
62,"""TP-Link"";","""7158"";",https://www.senheng.com.my/tp-link-ac750-wireless-dual-band-4g-lte-router-archer-mr200.html,TP-Link AC750 Wireless Dual Band 4G LTE Router Archer MR200,RM389.00,"""TP-ARCHERMR200"";"
63,"""Apple"";","""7158"";",https://www.senheng.com.my/apple-magic-keyboard-for-ipad-air-4th-generation-and-ipad-pro-11-inch-2nd-generation.html,Apple Magic Keyboard for iPad Air (4th generation) and iPad Pro 11-inch (2nd generation),"RM1,349.00","""APP-MXQT2ZA/A"";"
64,"""HP"";","""7158"";",https://www.senheng.com.my/hp-envy-laptop-15-ep0010tx.html,HP ENVY Laptop - 15-ep0010tx,"RM6,999.00","""HP-15EP0010TX"";"
65,"""MSI"";","""7158"";",https://www.senheng.com.my/msi-32-inch-optix-mag322cqr.html,MSI 32 Inch Optix MAG322CQR Curved Gaming Monitor,"RM2,249.00","""MSI-MAG322CQR"";"
66,"""TP-Link"";","""7158"";",https://www.senheng.com.my/tp-link-300mbps-lte-advanced-mobile-wi-fi-m7450.html,TP-Link 300Mbps LTE-Advanced Mobile Wi-Fi M7450,RM439.00,"""TP-M7450"";"
67,"""ASUS"";","""7158"";",https://www.senheng.com.my/asus-zenbook14-14-inch-i5-1135g7-8g-on-bd-512g-asu-ux425e-abm067ts.html,ASUS Zenbook14 14 Inch (I5-1135G7/8G[ON BD]/512G) ASU-UX425E-ABM067TS,"RM3,999.00","""ASU-UX425E-ABM067TS"";"
68,"""Microsoft"";","""7158"";",https://www.senheng.com.my/microsoft-surface-usb-3-0-adapter-ms-mic-jty-00007.html,Microsoft Surface USB 3.0 Adapter MS-MIC-JTY-00007,RM158.00,"""MS-MIC-JTY-00007"";"
69,"""TP-Link"";","""7158"";",https://www.senheng.com.my/tp-link-ac1200-whole-home-mesh-wi-fi-system-deco-e4(2-pack).html,TP-Link AC1200 Whole Home Mesh Wi-Fi System Deco E4(2-Pack),RM299.00,"""TP-DECOE4.2PK"";"
70,"""TP-Link"";","""7158"";",https://www.senheng.com.my/tp-link-ac1200-wireless-dual-band-pci-express-adapter-archer-t4e.html,TP-Link AC1200 Wireless Dual Band PCI Express Adapter Archer T4E,RM115.00,"""TP-ARCHERT4E"";"
71,"""MSI"";","""7158"";",https://www.senheng.com.my/msi-mpg-artymis-343cqr-34-inch-monitor-msi-mpg343cqr.html,MSI MPG ARTYMIS 343CQR 34 Inch Monitor MSI-MPG343CQR,"RM3,999.00","""MSI-MPG343CQR"";"
72,"""Microsoft"";","""7158"";",https://www.senheng.com.my/microsoft-surface-book-3.html,Microsoft Surface Book 3,"RM7,788.00","""MS-MIC-BOOK3-CFG"";"
73,"""MSI"";","""7158"";",https://www.senheng.com.my/msi-23-6-inch-g-series-monitor-optix-g24c4.html,MSI 23.6 Inch G Series Monitor Optix G24C4,RM858.00,"""MSI-G24C4"";"
74,"""TP-Link"";","""7158"";",https://www.senheng.com.my/tp-link-ac600-high-gain-wireless-dual-band-usb-adapter-archer-t2u-plus.html,TP-Link AC600 High Gain Wireless Dual Band USB Adapter Archer T2U Plus,RM75.00,"""TP-ARCHERT2UPLUS"";"
75,"""Microsoft"";","""7158"";",https://www.senheng.com.my/microsoft-usb-c-travel-hub-black.html,Microsoft USB-C Travel Hub-Black,RM445.00,"""MS-MIC-SWV-00005"";"
76,"""Microsoft"";","""7158"";",https://www.senheng.com.my/microsoft-sculpt-comfort-mouse-ms-mic-h3s-00005.html,Microsoft Sculpt Comfort Mouse MS-MIC-H3S-00005,RM164.00,"""MS-MIC-H3S-00005"";"
77,"""TP-Link"";","""7158"";",https://www.senheng.com.my/tp-link-deco-m5(3-pack)-ac1300-whole-home-mesh-wi-fi-system.html,TP-Link Deco M5(3-pack),RM799.00,"""TP-DECO-M5.3PK"";"
78,"""TP-Link"";","""7158"";",https://www.senheng.com.my/tp-link-300mbps-mini-wireless-n-usb-adapter-tl-wn823n.html,TP-Link 300Mbps Mini Wireless N USB Adapter TL-WN823N,RM36.00,"""TP-TL-WN823N"";"
79,"""HP"";","""7158"";",https://www.senheng.com.my/hp-envy-x360-laptop-13-3-inch-8gb-ram-512gb-ssd-amd-r5-4500u.html,HP ENVY x360 Laptop 13.3 Inch (8GB RAM/512GB SSD/AMD R5-4500U),"RM3,699.00","""HP-13AY0043AU"";"
80,"""TP-Link"";","""7158"";",https://www.senheng.com.my/tp-link%20ac1200%20wireless%20vdsl/adsl%20modem%20router%20archer%20vr400%20v2.html,TP-Link AC1200 Wireless VDSL/ADSL Modem Router Archer VR400 V2,RM269.00,"""TP-ARCHERVR400"";"
81,"""Acer"";","""7158"";",https://www.senheng.com.my/acer-aspire-3-14-inch-ace-a314-22-r2dq-ryzen-3-4gb-ram-512gb-ssd.html,Acer Aspire 3 14 Inch ACE-A314-22-R2DQ (Ryzen 3/4GB RAM/512GB SSD),"RM2,149.00 2,199.00","""ACE-A314-22-R2DQ"";"
82,"""Microsoft"";","""7158"";",https://www.senheng.com.my/microsoft-designer-bluetooth-desktop.html,Microsoft Designer Bluetooth Desktop,RM409.00,"""MS-MIC-7N9-00028"";"
83,"""MSI"";","""7158"";",https://www.senheng.com.my/msi-gm70-wired-wireless-usb-rgb-adjustable-dpi-optical-mouse.html,MSI GM70 Wired/Wireless USB RGB Adjustable DPI Optical Mouse,RM589.00,"""MSI-GM70"";"
84,"""Apple"";","""7158"";",https://www.senheng.com.my/apple-magic-keyboard.html,Apple Magic Keyboard,RM379.00,"""APP-MLA22ZA/A"";"
85,"""TP-Link"";","""7158"";",https://www.senheng.com.my/tp-link-ac2200-smart-home-mesh-wi-fi-system-deco-m9-plus-2-pack.html,TP-Link AC2200 Smart Home Mesh Wi-Fi System Deco M9 Plus(2-pack),RM999.00,"""TP-DECO-M9PLUS.2PK"";"
86,"""TP-Link"";","""7158"";",https://www.senheng.com.my/tp-link-300mbps-wireless-n-4g-lte-router-tl-mr6400.html,TP-Link 300Mbps Wireless N 4G LTE Router TL-MR6400,RM349.00,"""TP-TL-MR640APAC"";"
87,"""Microsoft"";","""7158"";",https://www.senheng.com.my/microsoft-wireless-mobile-mouse-3500.html,Microsoft Wireless Mobile Mouse 3500,RM82.00,"""MS-GMF-CFG"";"
88,"""MSI"";","""7158"";",https://www.senheng.com.my/msi-23-6-inch-optix-g241vc-msi-g241vc.html,MSI 23.6 Inch Optix G241VC MSI-G241VC,RM649.00,"""MSI-G241VC"";"
89,"""Microsoft"";","""7158"";",https://www.senheng.com.my/microsoft-surface-laptop-go.html,Microsoft Surface Laptop Go - Platinum,"RM2,758.00","""MS-LAPTOPGO-CFG"";"
90,"""TP-Link"";","""7158"";",https://www.senheng.com.my/tp-link-4g-lte-mobile-wi-fi-m7200.html,TP-Link 4G LTE Mobile Wi-Fi M7200,RM219.00,"""TP-M7200"";"
91,"""Acer"";","""7158"";",https://www.senheng.com.my/acer-aspire-3-15.6-inch-laptop-a315-56-36jm-intel-core-i3-1005g1-4gb-ddr4-512gb-pcie-ssd.html,Acer Aspire 3 15.6 Inch Laptop A315-56-36JM (Intel Core i3-1005G1/4GB DDR4/512GB PCIe SSD),"RM2,299.00","""ACE-A315-56-36JM"";"
92,"""Acer"";","""7158"";",https://www.senheng.com.my/acer-chromebook-311-11.6-lnch-celeron-quad-core-n4120-4gb-on-bd-lpddr4-32gb-emmc-ace-c733-c8f7.html,Acer Chromebook 311 11.6 lnch (Celeron quad-core N4120/ 4GB ON BD LPDDR4/32GB eMMC) ACE-C733-C8F7,"RM1,174.00 1,199.00","""ACE-C733-C8F7"";"
93,"""Microsoft"";","""7158"";",https://www.senheng.com.my/microsoft-surface-usb-c-to-ethernet-adapter-jwl-00007-.html,Microsoft Surface USB-C To Ethernet Adapter (JWL-00007),RM317.00,"""MS-MIC-JWL-00007"";"
94,"""HP"";","""7158"";",https://www.senheng.com.my/hp-notebook-14s-cf2039tx-14s-cf2038tx-14-inch-4gb-512gb-ssd-i5-10210u-amd-radeon-530-graphics.html,HP Notebook 14s-cf2039tx / 14s-cf2038tx 14 Inch (4GB/512GB SSD/i5-10210U/AMD Radeon™ 530 Graphics),"RM 2,169.00","""HP-14CF-CFG"";"
95,"""Apple"";","""7158"";",https://www.senheng.com.my/apple-16-inch-macbook-pro.html,Apple 16-inch MacBook Pro,"RM10,499.00","""APP-MBP16-2020-CFG"";"
96,"""Apple"";","""7158"";",https://www.senheng.com.my/apple-13-inch-macbook-pro-with-touch-bar-and-two-thunderbolt-3-ports.html,Apple 13-inch MacBook Pro with Touch Bar and Two Thunderbolt 3 ports,RM489.00,"""APP-MBP13-2020-2USB-CFG"";"
97,"""MSI"";","""7158"";",https://www.senheng.com.my/msi-23-6-inch-optix-g241vc-msi-g241vc.html,MSI 23.6 Inch Optix G241VC MSI-G241VC,RM649.00,"""MSI-G241VC"";"
98,"""MSI"";","""7158"";",https://www.senheng.com.my/msi-14-prestige-14-inch-i5-10210u-512gb-nvme-pcie-ssd-ddr-iv-16gb-2666mhz-mx330-2gb-gddr5-msi-p14-a10ras-223my.html,"MSI 14 Prestige 14 Inch (I5-10210U/512GB NVMe PCIe SSD/DDR IV 16GB 2666MHz/MX330, 2GB GDDR5) MSI-P14-A10RAS-223MY","RM4,299.00","""MSI-P14-A10RAS-223MY"";"
99,"""Apple"";","""7158"";",https://www.senheng.com.my/apple-macbook-air-m1-chip-2020.html,"Apple MacBook Air (M1 chip, 2020)","RM4,399.00","""APP-MACBOOKAIR-M1-2020-CFG"";"
100,"""Apple"";","""7158"";",https://www.senheng.com.my/apple-13-inch-macbook-pro-m1-chip-2020.html,"Apple MacBook Pro (13-inch, M1 chip, 2020)","RM5,599.00","""APP-MACBOOKPRO-M1-2020-CFG"";"
101,"""MSI"";","""7158"";",https://www.senheng.com.my/msi-mpg-artymis-343cqr-34-inch-monitor-msi-mpg343cqr.html,MSI MPG ARTYMIS 343CQR 34 Inch Monitor MSI-MPG343CQR,"RM3,999.00","""MSI-MPG343CQR"";"
102,"""MSI"";","""7158"";",https://www.senheng.com.my/msi-mpg-trident-as-10th-msi-mpgtrident-as60.html,MSI MPG Trident AS 10th MSI-MPGTRIDENT-AS60,"RM7,499.00","""MSI-MPGTRIDENT-AS60"";"
103,"""MSI"";","""7158"";",https://www.senheng.com.my/msi-mpg-trident-as-10th-msi-mpgtrident-as70.html,MSI MPG Trident AS 10th MSI-MPGTRIDENT-AS70,"RM8,999.00","""MSI-MPGTRIDENT-AS70"";"
104,"""MSI"";","""7158"";",https://www.senheng.com.my/msi-optix-g27cq4-27-inch-monitor-msi-g27cq4.html,MSI Optix G27CQ4 27 Inch Monitor MSI-G27CQ4,"RM1,638.00","""MSI-G27CQ4"";"
105,"""TP-Link"";","""7158"";",https://www.senheng.com.my/tp-link-300-mbps-wireless-n-4g-lte-router-tl-mr100.html,TP-Link 300 Mbps Wireless N 4G LTE Router TL-MR100,RM259.00,"""TP-TL-MR100"";"
106,"""Microsoft"";","""7158"";",https://www.senheng.com.my/microsoft-arc-mouse-bluetooth.html,Microsoft Arc Mouse Bluetooth,RM339.00,"""MS-AMOUSE-CFG"";"
107,"""Apple"";","""7158"";",https://www.senheng.com.my/apple-magic-keyboard-with-numeric-keypad.html,Apple Magic Keyboard with Numeric Keypad,RM489.00,"""APP-MQ052ZA/A"";"
108,"""Huawei"";","""7158"";",https://www.senheng.com.my/huawei-m-pen-lite-stylus-pen-grey.html,HUAWEI M-Pen lite Stylus Pen - Grey,RM169.00,"""HUA-MPEN.LITE"";"
109,"""MSI"";","""7158"";",https://www.senheng.com.my/msi-27-inch-optic-g27c4-msi-g27c4.html,MSI 27 Inch Optix G27C4 Curved Gaming Monitor,RM999.00,"""MSI-G27C4"";"
110,"""TP-Link"";","""7158"";",https://www.senheng.com.my/tp-link-300mbps-wi-fi-range-extender-tl-wa855re.html,TP-Link 300Mbps Wi-Fi Range Extender TL-WA855RE,RM79.00,"""TP-TL-WA855RE"";"
111,"""TP-Link"";","""7158"";",https://www.senheng.com.my/tp-link-4g-lte-mobile-wi-fi-m7350.html,TP-Link 4G LTE Mobile Wi-Fi M7350,RM249.00,"""TP-M7350"";"
112,"""TP-Link"";","""7158"";",https://www.senheng.com.my/tp-link-ax5400-dual-band-gigabit-wi-fi-6-router-archer-ax73.html,TP-Link AX5400 Dual-Band Gigabit Wi-Fi 6 Router Archer AX73,RM399.00,"""TP-ARCHERAX73"";"
113,"""Microsoft"";","""7158"";",https://www.senheng.com.my/microsoft-surface-usb-c-display-port-adapter-ms-mic-jvz-00007.html,Microsoft Surface USB-C Display Port Adapter MS-MIC-JVZ-00007,RM229.00,"""MS-MIC-JVZ-00007"";"
114,"""Huawei"";","""7158"";",https://www.senheng.com.my/huawei-14-inches-matebook-14-11th-gen-hua-mbook14-i5.html,HUAWEI MateBook 14 (11th Gen),"RM4,899.00","""PAC-MBOOK14-I5-GF"";"
115,"""Apple"";","""7158"";",https://www.senheng.com.my/apple-13-inch-macbook-pro-with-touch-bar-and-four-thunderbolt-3-ports.html,Apple 13-inch MacBook Pro with Touch Bar and Four Thunderbolt 3 ports,"RM7,999.00","""APP-MBP13-2020-4USB-CFG"";"
116,"""TP-Link"";","""7158"";",https://www.senheng.com.my/tp-link-ax3000-dual-band-gigabit-wi-fi-6-router-archer-ax50.html,TP-Link AX3000 Dual Band Gigabit Wi-Fi 6 Router Archer AX50,RM299.00,"""TP-ARCHERAX50"";"
117,"""Microsoft"";","""7158"";",https://www.senheng.com.my/microsoft-surface-precision-wireless-mouse-grey-ms-mic-ftw-00005.html,Microsoft Surface Precision Wireless Mouse (Grey) MS-MIC-FTW-00005,RM424.00,"""MS-MIC-FTW-00005"";"
118,"""MSI"";","""7158"";",https://www.senheng.com.my/msi-mpg-trident-as-10th-msi-mpgtrident-as60.html,MSI MPG Trident AS 10th MSI-MPGTRIDENT-AS60,"RM7,499.00","""MSI-MPGTRIDENT-AS60"";"
119,"""Apple"";","""7158"";",https://www.senheng.com.my/apple-16-inch-macbook-pro.html,Apple 16-inch MacBook Pro,"RM10,499.00","""APP-MBP16-2020-CFG"";"
120,"""MSI"";","""7158"";",https://www.senheng.com.my/msi-audio-gaming-gear-immerse-gh10.html,MSI Audio Gaming Gear Immerse GH10,RM200.00,"""MSI-GH10-HEADSET"";"
121,"""TP-Link"";","""7158"";",https://www.senheng.com.my/tp-link-300mbps-high-gain-wireless-usb-adapter-tl-wn822n.html,Tp-Link 300Mbps High Gain Wireless USB Adapter TL-WN822N,RM53.00,"""TP-TL-WN822N"";"
122,"""Logitech"";","""7158"";",https://www.senheng.com.my/logitech-mk240-nano-wireless-keyboard-and-mouse-combo.html,Logitech MK240 NANO Wireless Keyboard and Mouse Combo,RM99.00,"""LGT-MK240-CFG"";"
123,"""HP"";","""7158"";",https://www.senheng.com.my/hp-slim-s01-pf1166d-desktop-pc-i5-10400-8gb-512gb-ssd.html,HP Slim S01-PF1166D Desktop PC (I5-10400/8GB/512GB SSD),"RM2,699.00","""HP-S01-PF1166D"";"
124,""""";","""7158"";",https://www.senheng.com.my/microsoft-sculpt-ergonomic-desktop-keyboard-ms-mic-l5v-00027.html,Microsoft Sculpt Ergonomic Desktop Keyboard MS-MIC-L5V-00027,RM529.00,"""MS-MIC-L5V-00027"";"
125,"""Apple"";","""7158"";",https://www.senheng.com.my/apple-13-3-inch-macbook-air.html,Apple 13.3-inch MacBook Air,"RM5,179.00","""APP-MBA13-2020-CFG"";"
126,"""MSI"";","""7158"";",https://www.senheng.com.my/msi-gaming-desktop-mpg-trident-a.html,MSI Gaming Desktop MPG Trident A,"RM4,999.00","""MSI-MPGTRIDENT-A"";"
127,"""TP-Link"";","""7158"";",https://www.senheng.com.my/tp-link-150mbps-wireless-n-nano-usb-adapter-tl-wn725n.html,TP-Link 150Mbps Wireless N Nano USB Adapter TL-WN725N,RM24.00,"""TP-TL-WN725N"";"
128,,,https://www.senheng.com.my/microsoft-bluetooth-desktop-black.html,Microsoft Bluetooth Desktop-Black,RM275.00,
129,"""Microsoft"";","""7158"";",https://www.senheng.com.my/microsoft-mouse-wireless-bluetrack-mobile-3500-gmf00006.html,Microsoft Mouse Wireless Bluetrack Mobile 3500 (GMF00006),RM82.00,"""MS-MIC-GMF-00006"";"
130,"""MSI"";","""7158"";",https://www.senheng.com.my/msi-clutch-gm60-rgb-gaming-optical-mouse.html,MSI Clutch GM60 RGB Gaming Optical Mouse,RM434.00,"""MSI-GM60"";"
131,"""HP"";","""7158"";",https://www.senheng.com.my/hp-spectre-x360-convertible-13.3-inch-i7-1165g7-16gb-onboard-1tb-ssd-13aw2100tu.html,HP Spectre x360 Convertible 13.3 inch (i7-1165G7/16GB onboard/1TB SSD) 13AW2100TU,"RM6,899.00","""HP-13AW2100TU"";"
132,"""TP-Link"";","""7158"";",https://www.senheng.com.my/tp-link%20-ac1200-whole-home-mesh-wi-fi-system-deco-e4-3-pack.html,TP-Link AC1200 Whole Home Mesh Wi-Fi System Deco E4(3-pack),RM439.00,"""TP-DECOE4.3PK"";"
133,"""Microsoft"";","""7158"";",https://www.senheng.com.my/microsoft-modern-mobile-mouse-bluetooth.html,Microsoft Modern Mobile Mouse (Bluetooth),RM155.00,"""MS-MMMOUSE-CFG"";"
134,"""Apple"";","""7158"";",https://www.senheng.com.my/apple-magic-trackpad-2-silver.html,Apple Magic Trackpad 2 - Silver,RM489.00,"""APP-MJ2R2ZA/A"";"
135,"""Microsoft"";","""7158"";",https://www.senheng.com.my/microsoft-surface-pro-x.html,Microsoft Surface Pro X,"RM4,599.00","""MS-SUR-PROX-CFG"";"
136,"""MSI"";","""7158"";",https://www.senheng.com.my/msi-14-prestige-14-inch-i5-10210u-512gb-nvme-pcie-ssd-ddr-iv-16gb-2666mhz-mx330-2gb-gddr5-msi-p14-a10ras-223my.html,"MSI 14 Prestige 14 Inch (I5-10210U/512GB NVMe PCIe SSD/DDR IV 16GB 2666MHz/MX330, 2GB GDDR5) MSI-P14-A10RAS-223MY","RM4,299.00","""MSI-P14-A10RAS-223MY"";"
137,"""TP-Link"";","""7158"";",https://www.senheng.com.my/tp-link-ax3000-whole-home-mesh-wi-fi-system-deco-x60.html,TP-Link AX3000 Whole Home Mesh Wi-Fi System Deco X60,"RM1,739.00","""TP-DECOX60.3PK"";"
138,"""TP-Link"";","""7158"";",https://www.senheng.com.my/tp-link-4g-lte-mobile-wi-fi-m7000.html,TP-Link 4G LTE Mobile Wi-Fi M7000,RM209.00,"""TP-M7000"";"
139,"""Microsoft"";","""7158"";",https://www.senheng.com.my/microsoft-surface-pen.html,Microsoft Surface Pen,RM399.00,"""MS-MIC-CFG-PEN"";"
140,"""Huawei"";","""7158"";",https://www.senheng.com.my/huawei-15.6-inches-matebook-d15-i5-10th-gen.html,HUAWEI MateBook D15 i5 (10th Gen) - Mytic Silver,"RM3,299.00","""PAC-MBOOKD15-I5-GF"";"
141,"""HP"";","""7158"";",https://www.senheng.com.my/hp-notebook-14s-cf2039tx-14s-cf2038tx-14-inch-4gb-512gb-ssd-i5-10210u-amd-radeon-530-graphics.html,HP Notebook 14s-cf2039tx / 14s-cf2038tx 14 Inch (4GB/512GB SSD/i5-10210U/AMD Radeon™ 530 Graphics),"RM 2,169.00","""HP-14CF-CFG"";"
142,"""Apple"";","""7158"";",https://www.senheng.com.my/apple-16-inch-macbook-pro.html,Apple 16-inch MacBook Pro,"RM10,499.00","""APP-MBP16-2020-CFG"";"
143,"""Apple"";","""7158"";",https://www.senheng.com.my/apple-13-inch-macbook-pro-with-touch-bar-and-two-thunderbolt-3-ports.html,Apple 13-inch MacBook Pro with Touch Bar and Two Thunderbolt 3 ports,RM489.00,"""APP-MBP13-2020-2USB-CFG"";"
144,"""MSI"";","""7158"";",https://www.senheng.com.my/msi-23-6-inch-optix-g241vc-msi-g241vc.html,MSI 23.6 Inch Optix G241VC MSI-G241VC,RM649.00,"""MSI-G241VC"";"
145,"""MSI"";","""7158"";",https://www.senheng.com.my/msi-14-prestige-14-inch-i5-10210u-512gb-nvme-pcie-ssd-ddr-iv-16gb-2666mhz-mx330-2gb-gddr5-msi-p14-a10ras-223my.html,"MSI 14 Prestige 14 Inch (I5-10210U/512GB NVMe PCIe SSD/DDR IV 16GB 2666MHz/MX330, 2GB GDDR5) MSI-P14-A10RAS-223MY","RM4,299.00","""MSI-P14-A10RAS-223MY"";"
146,"""Apple"";","""7158"";",https://www.senheng.com.my/apple-macbook-air-m1-chip-2020.html,"Apple MacBook Air (M1 chip, 2020)","RM4,399.00","""APP-MACBOOKAIR-M1-2020-CFG"";"
147,"""Apple"";","""7158"";",https://www.senheng.com.my/apple-13-inch-macbook-pro-m1-chip-2020.html,"Apple MacBook Pro (13-inch, M1 chip, 2020)","RM5,599.00","""APP-MACBOOKPRO-M1-2020-CFG"";"
148,"""MSI"";","""7158"";",https://www.senheng.com.my/msi-mpg-artymis-343cqr-34-inch-monitor-msi-mpg343cqr.html,MSI MPG ARTYMIS 343CQR 34 Inch Monitor MSI-MPG343CQR,"RM3,999.00","""MSI-MPG343CQR"";"
149,"""MSI"";","""7158"";",https://www.senheng.com.my/msi-mpg-trident-as-10th-msi-mpgtrident-as60.html,MSI MPG Trident AS 10th MSI-MPGTRIDENT-AS60,"RM7,499.00","""MSI-MPGTRIDENT-AS60"";"
150,"""MSI"";","""7158"";",https://www.senheng.com.my/msi-mpg-trident-as-10th-msi-mpgtrident-as70.html,MSI MPG Trident AS 10th MSI-MPGTRIDENT-AS70,"RM8,999.00","""MSI-MPGTRIDENT-AS70"";"
151,"""MSI"";","""7158"";",https://www.senheng.com.my/msi-optix-g27cq4-27-inch-monitor-msi-g27cq4.html,MSI Optix G27CQ4 27 Inch Monitor MSI-G27CQ4,"RM1,638.00","""MSI-G27CQ4"";"
152,"""TP-Link"";","""7158"";",https://www.senheng.com.my/tp-link%20ac1900-high-gain-wireless-dual-band-usb-adapter-archer-t9uh.html,TP-Link AC1900 High Gain Wireless Dual Band USB Adapter Archer T9UH,RM169.00,"""TP-ARCHERT9UH"";"
153,"""Logitech"";","""7158"";",https://www.senheng.com.my/logitech-m590-multi-device-silent.html,Logitech M590 Multi-Device Silent,RM139.00,"""LGT-M590-CFG"";"
154,"""Microsoft"";","""7158"";",https://www.senheng.com.my/microsoft-wireless-desktop-3050.html,Microsoft Wireless Desktop 3050,RM229.00,"""MS-MIC-PP3-00024"";"
155,"""Microsoft"";","""7158"";",https://www.senheng.com.my/microsoft-modern-mobile-mouse-bluetooth-black-ms-mic-ktf-00005.html,Microsoft Modern Mobile Mouse Bluetooth (Black) MS-MIC-KTF-00005,RM155.00,"""MS-MIC-KTF-00005"";"
156,"""Promate"";","""7158"";",https://www.senheng.com.my/promate-laptop-cooling-pad-air-base-1.html,Promate Laptop Cooling Pad Air Base-1,RM85.00,"""PRO-6959144031989"";"
157,"""MSI"";","""7158"";",https://www.senheng.com.my/msi-27-inch-optix-monitor-mag272cqr.html,MSI 27 Inch Optix Monitor MAG272CQR,"RM2,049.00","""MSI-MAG272CQR"";"
158,"""TP-Link"";","""7158"";",https://www.senheng.com.my/tp-link-ac600-wireless-dual-band-usb-adapter-archer-t2u-v3.html,TP-Link AC600 Wireless Dual Band USB Adapter Archer T2U V3,RM64.00,"""TP-ARCHERT2U"";"
159,"""Apple"";","""7158"";",https://www.senheng.com.my/apple-macbook-air-m1-chip-2020.html,"Apple MacBook Air (M1 chip, 2020)","RM4,399.00","""APP-MACBOOKAIR-M1-2020-CFG"";"
160,"""Huawei"";","""7158"";",https://www.senheng.com.my/huawei-matebook-d14-i5-8g-512g-geforce-mx250.html,HUAWEI MateBook D14 (i5/8GB/512GB/GeForce MX250) - Mystic Silver,"RM3,399.00","""HUA-MATEBOOKD14-I5"";"
161,"""HP"";","""7158"";",https://www.senheng.com.my/hp-spectre-x360-convertible-13.3-inch-i5-1135g7-8gb-onboard-512gb-ssd-13aw2099tu.html,HP Spectre x360 Convertible 13.3 inch (i5-1135G7/8GB Onboard/512GB SSD) 13AW2099TU,"RM5,699.00","""HP-13AW2099TU"";"
162,"""MSI"";","""7158"";",https://www.senheng.com.my/msi-modern-15-15.6-inch-laptop-i7-10510u-512gb-nvme-pcie-gen3x4-ssd-msi-m15-a10rbs-469my.html,MSI Modern 15 15.6-Inch Laptop (I7-10510U/512GB NVMe PCIe Gen3x4 SSD) MSI-M15-A10RBS-469MY,"RM3,899.00","""MSI-M15-A10RBS-469MY"";"
163,"""Huawei"";","""7158"";",https://www.senheng.com.my/huawei-ad80-monitor-23.8-lnch-ips-matte-hd-display.html,Huawei AD80 Monitor: 23.8 lnch IPS Matte HD Display,RM688.00,"""HUA-AD80-MONITOR"";"
164,"""Microsoft"";","""7158"";",https://www.senheng.com.my/microsoft-surface-slim-pen-black-mic-llk-00015.html,Microsoft Surface Slim Pen Black MIC-LLK-00015,RM639.00,"""MS-MIC-LLK-00005"";"
165,"""ASUS"";","""7158"";",https://www.senheng.com.my/asus-rog-strix-g15-17-15-6-inch-g512li-i5-10300h-8gb-512gb-ssd-gtx1650ti-4g-asu-g512l-ial008t.html,ASUS ROG Strix G15 15.6 Inch G512LI (i5-10300H/8GB/512GB SSD/GTX1650TI 4G) ASU-G512L-IAL008T,"RM4,099.00","""ASU-G512L-IAL008T"";"
166,"""TP-Link"";","""7158"";",https://www.senheng.com.my/tp-link-ax1800-whole-home-mesh-wi-fi-6-system-deco-x20-2-pack.html,TP-Link AX1800 Whole Home Mesh Wi-Fi 6 System Deco X20(2-pack),RM799.00,"""TP-DECOX20.2PK"";"
167,"""TP-Link"";","""7158"";",https://www.senheng.com.my/tp-link-ac750-wireless-dual-band-4g-lte-router-archer-mr200.html,TP-Link AC750 Wireless Dual Band 4G LTE Router Archer MR200,RM389.00,"""TP-ARCHERMR200"";"
168,"""Apple"";","""7158"";",https://www.senheng.com.my/apple-magic-keyboard-for-ipad-air-4th-generation-and-ipad-pro-11-inch-2nd-generation.html,Apple Magic Keyboard for iPad Air (4th generation) and iPad Pro 11-inch (2nd generation),"RM1,349.00","""APP-MXQT2ZA/A"";"
169,"""Microsoft"";","""7158"";",https://www.senheng.com.my/microsoft-surface-laptop-3.html,Microsoft Surface Laptop 3,"RM4,039.00","""MS-SUR-LPT3-CFG"";"
170,"""TP-Link"";","""7158"";",https://www.senheng.com.my/tp-link-300mbps-lte-advanced-mobile-wi-fi-m7450.html,TP-Link 300Mbps LTE-Advanced Mobile Wi-Fi M7450,RM439.00,"""TP-M7450"";"
171,"""ASUS"";","""7158"";",https://www.senheng.com.my/asus-zenbook14-14-inch-i5-1135g7-8g-on-bd-512g-asu-ux425e-abm067ts.html,ASUS Zenbook14 14 Inch (I5-1135G7/8G[ON BD]/512G) ASU-UX425E-ABM067TS,"RM3,999.00","""ASU-UX425E-ABM067TS"";"
172,"""Microsoft"";","""7158"";",https://www.senheng.com.my/microsoft-surface-usb-3-0-adapter-ms-mic-jty-00007.html,Microsoft Surface USB 3.0 Adapter MS-MIC-JTY-00007,RM158.00,"""MS-MIC-JTY-00007"";"
173,"""HP"";","""7158"";",https://www.senheng.com.my/hp-envy-laptop-15-ep0010tx.html,HP ENVY Laptop - 15-ep0010tx,"RM6,999.00","""HP-15EP0010TX"";"
174,"""MSI"";","""7158"";",https://www.senheng.com.my/msi-32-inch-optix-mag322cqr.html,MSI 32 Inch Optix MAG322CQR Curved Gaming Monitor,"RM2,249.00","""MSI-MAG322CQR"";"
175,"""TP-Link"";","""7158"";",https://www.senheng.com.my/tp-link-ac1200-wireless-dual-band-pci-express-adapter-archer-t4e.html,TP-Link AC1200 Wireless Dual Band PCI Express Adapter Archer T4E,RM115.00,"""TP-ARCHERT4E"";"
176,"""TP-Link"";","""7158"";",https://www.senheng.com.my/tp-link-ac1200-whole-home-mesh-wi-fi-system-deco-e4(2-pack).html,TP-Link AC1200 Whole Home Mesh Wi-Fi System Deco E4(2-Pack),RM299.00,"""TP-DECOE4.2PK"";"
177,"""TP-Link"";","""7158"";",https://www.senheng.com.my/tp-link-ac600-high-gain-wireless-dual-band-usb-adapter-archer-t2u-plus.html,TP-Link AC600 High Gain Wireless Dual Band USB Adapter Archer T2U Plus,RM75.00,"""TP-ARCHERT2UPLUS"";"
178,"""Microsoft"";","""7158"";",https://www.senheng.com.my/microsoft-usb-c-travel-hub-black.html,Microsoft USB-C Travel Hub-Black,RM445.00,"""MS-MIC-SWV-00005"";"
179,"""Microsoft"";","""7158"";",https://www.senheng.com.my/microsoft-sculpt-comfort-mouse-ms-mic-h3s-00005.html,Microsoft Sculpt Comfort Mouse MS-MIC-H3S-00005,RM164.00,"""MS-MIC-H3S-00005"";"
180,"""MSI"";","""7158"";",https://www.senheng.com.my/msi-mpg-artymis-343cqr-34-inch-monitor-msi-mpg343cqr.html,MSI MPG ARTYMIS 343CQR 34 Inch Monitor MSI-MPG343CQR,"RM3,999.00","""MSI-MPG343CQR"";"
181,"""Microsoft"";","""7158"";",https://www.senheng.com.my/microsoft-surface-book-3.html,Microsoft Surface Book 3,"RM7,788.00","""MS-MIC-BOOK3-CFG"";"
182,"""MSI"";","""7158"";",https://www.senheng.com.my/msi-23-6-inch-g-series-monitor-optix-g24c4.html,MSI 23.6 Inch G Series Monitor Optix G24C4,RM858.00,"""MSI-G24C4"";"
183,"""TP-Link"";","""7158"";",https://www.senheng.com.my/tp-link-300mbps-mini-wireless-n-usb-adapter-tl-wn823n.html,TP-Link 300Mbps Mini Wireless N USB Adapter TL-WN823N,RM36.00,"""TP-TL-WN823N"";"
184,"""TP-Link"";","""7158"";",https://www.senheng.com.my/tp-link-deco-m5(3-pack)-ac1300-whole-home-mesh-wi-fi-system.html,TP-Link Deco M5(3-pack),RM799.00,"""TP-DECO-M5.3PK"";"
185,"""Rapoo"";","""7158"";",https://www.senheng.com.my/rapoo-1620-wireless-optical-mouse-rap-1620.html,Rapoo 1620 Wireless Optical Mouse RAP-1620,RM33.00,"""RAP-1620"";"
186,"""MSI"";","""7158"";",https://www.senheng.com.my/msi-mechanical-gaming-keyboard-vigor-gk70-cherry-mx-rgb-red.html,MSI Mechanical Gaming Keyboard VIGOR GK70 Cherry MX RGB Red,RM580.00,"""MSI-GK70"";"
187,"""Apple"";","""7158"";",https://www.senheng.com.my/magic-mouse-2.html,Magic Mouse 2,RM319.00,"""APP-MLA02ZA/A"";"
188,"""HP"";","""7158"";",https://www.senheng.com.my/hp-notebook-14s-cf2039tx-14s-cf2038tx-14-inch-4gb-512gb-ssd-i5-10210u-amd-radeon-530-graphics.html,HP Notebook 14s-cf2039tx / 14s-cf2038tx 14 Inch (4GB/512GB SSD/i5-10210U/AMD Radeon™ 530 Graphics),"RM 2,169.00","""HP-14CF-CFG"";"
189,"""Apple"";","""7158"";",https://www.senheng.com.my/apple-16-inch-macbook-pro.html,Apple 16-inch MacBook Pro,"RM10,499.00","""APP-MBP16-2020-CFG"";"
190,"""Apple"";","""7158"";",https://www.senheng.com.my/apple-13-inch-macbook-pro-with-touch-bar-and-two-thunderbolt-3-ports.html,Apple 13-inch MacBook Pro with Touch Bar and Two Thunderbolt 3 ports,"RM2,399.00","""APP-MBP13-2020-2USB-CFG"";"
191,"""MSI"";","""7158"";",https://www.senheng.com.my/msi-23-6-inch-optix-g241vc-msi-g241vc.html,MSI 23.6 Inch Optix G241VC MSI-G241VC,RM649.00,"""MSI-G241VC"";"
192,"""MSI"";","""7158"";",https://www.senheng.com.my/msi-14-prestige-14-inch-i5-10210u-512gb-nvme-pcie-ssd-ddr-iv-16gb-2666mhz-mx330-2gb-gddr5-msi-p14-a10ras-223my.html,"MSI 14 Prestige 14 Inch (I5-10210U/512GB NVMe PCIe SSD/DDR IV 16GB 2666MHz/MX330, 2GB GDDR5) MSI-P14-A10RAS-223MY","RM4,299.00","""MSI-P14-A10RAS-223MY"";"
193,"""Apple"";","""7158"";",https://www.senheng.com.my/apple-macbook-air-m1-chip-2020.html,"Apple MacBook Air (M1 chip, 2020)","RM4,399.00","""APP-MACBOOKAIR-M1-2020-CFG"";"
194,"""Apple"";","""7158"";",https://www.senheng.com.my/apple-13-inch-macbook-pro-m1-chip-2020.html,"Apple MacBook Pro (13-inch, M1 chip, 2020)","RM5,599.00","""APP-MACBOOKPRO-M1-2020-CFG"";"
195,"""MSI"";","""7158"";",https://www.senheng.com.my/msi-mpg-artymis-343cqr-34-inch-monitor-msi-mpg343cqr.html,MSI MPG ARTYMIS 343CQR 34 Inch Monitor MSI-MPG343CQR,"RM3,999.00","""MSI-MPG343CQR"";"
196,"""MSI"";","""7158"";",https://www.senheng.com.my/msi-mpg-trident-as-10th-msi-mpgtrident-as60.html,MSI MPG Trident AS 10th MSI-MPGTRIDENT-AS60,"RM7,499.00","""MSI-MPGTRIDENT-AS60"";"
197,"""MSI"";","""7158"";",https://www.senheng.com.my/msi-mpg-trident-as-10th-msi-mpgtrident-as70.html,MSI MPG Trident AS 10th MSI-MPGTRIDENT-AS70,"RM8,999.00","""MSI-MPGTRIDENT-AS70"";"
198,"""MSI"";","""7158"";",https://www.senheng.com.my/msi-optix-g27cq4-27-inch-monitor-msi-g27cq4.html,MSI Optix G27CQ4 27 Inch Monitor MSI-G27CQ4,"RM1,638.00","""MSI-G27CQ4"";"
199,"""Razer"";","""7158"";",https://www.senheng.com.my/razer-mamba-tournament-edition-chroma-colour-lighting.html,Razer Mamba Tournament Edition - Chroma Colour Lighting,RM357.00,"""RAZ-RZ01-01370100"";"
200,"""Rapoo"";","""7158"";",https://www.senheng.com.my/wireless-optical-mouse-m10-blue.html,Rapoo M10 Plus Wireless Optical Mouse (Blue),RM39.00,"""RAP-M10+/BLUE"";"
201,"""Apple"";","""7158"";",https://www.senheng.com.my/usb-c-to-usb-adapter.html,Apple USB-C to USB Adapter,RM99.00,"""APP-MJ1M2ZA/A"";"
202,"""Microsoft"";","""7158"";",https://www.senheng.com.my/microsoft-surface-arc-mouse-cfg.html,Microsoft Surface Arc Mouse,RM339.00,"""MS-MIC-CZV-CFG"";"
203,"""Rapoo"";","""7158"";",https://www.senheng.com.my/rapoo-optical-mouse-n1020-black.html,Rapoo Optical Mouse N1020 (Black),RM19.00,"""RAP-N1020-BLACK"";"
204,"""Microsoft"";","""7158"";",https://www.senheng.com.my/microsoft-surface-pro-signature-type-cover-cfg.html,Microsoft Surface Pro Signature Type Cover,RM639.00,"""MS-MIC-FFP-CFG"";"
205,"""Rapoo"";","""7158"";",https://www.senheng.com.my/rapoo-1620-wireless-optical-mouse-rap-1620.html,Rapoo 1620 Wireless Optical Mouse RAP-1620,RM33.00,"""RAP-1620"";"
206,"""MSI"";","""7158"";",https://www.senheng.com.my/msi-mechanical-gaming-keyboard-vigor-gk70-cherry-mx-rgb-red.html,MSI Mechanical Gaming Keyboard VIGOR GK70 Cherry MX RGB Red,RM580.00,"""MSI-GK70"";"
207,"""Apple"";","""7158"";",https://www.senheng.com.my/magic-mouse-2.html,Magic Mouse 2,RM319.00,"""APP-MLA02ZA/A"";"
208,"""Microsoft"";","""7158"";",https://www.senheng.com.my/microsoft-surface-pro-type-cover-black-ms-mic-fmm-00015.html,Microsoft Surface Pro Type Cover (Black) MS-MIC-FMM-00015,RM499.00,"""MS-MIC-FMM-00015"";"
209,"""Seagate"";","""7158"";",https://www.senheng.com.my/seagate-backup-plus-portable-drive-1tb-blue.html,Seagate Backup Plus Portable Drive 1TB - BLUE,RM253.00,"""SEA-BACKUP.1TB/BLUE"";"
210,"""MSI"";","""7158"";",https://www.senheng.com.my/msi-mechanical-gaming-keyboard-gk-701.html,MSI Mechanical Gaming Keyboard GK-701,RM508.00,"""MSI-GK701"";"
211,"""Microsoft"";","""7158"";",https://www.senheng.com.my/microsoft-365-family-ms-6gq-00968.html,Microsoft 365 Family MS-6GQ-01144,RM304.00 368.00,"""MS-6GQ-01144"";"
212,"""Microsoft"";","""7158"";",https://www.senheng.com.my/pre-order-microsoft-surface-go-type-cover-black.html,Microsoft Surface GO Type Cover Black MS-MIC-KCM-00015,RM420.00,"""MS-MIC-KCM-00015"";"
213,"""Rapoo"";","""7158"";",https://www.senheng.com.my/rapoo-m10-plus-wireless-optical-mouse-red.html,Rapoo M10 Plus Wireless Optical Mouse (Red),RM39.00,"""RAP-M10+/RED"";"
214,"""Apple"";","""7158"";",https://www.senheng.com.my/usb-c-vga-multiport-adapter.html,USB-C VGA Multiport Adapter,RM349.00,"""APP-MJ1L2ZA/A"";"
215,"""Microsoft"";","""7158"";",https://www.senheng.com.my/microsoft-surface-mobile-mouse-cfg.html,Microsoft Surface Mobile Mouse,RM187.00,"""MS-MIC-KGY-CFG"";"
216,"""Acer"";","""7158"";",https://www.senheng.com.my/acer-nitro-5-laptop-an515-55-52z1-15-6-inch-i5-10300h-8gb-ddr4-512gb-pcie-ssd-nvidia-gtx-1650ti-4gb-gddr6.html,Acer Nitro 5 Laptop AN515-55-52Z1 15.6 Inch (i5-10300H/8GB DDR4/512GB PCIe SSD/Nvidia GTX 1650Ti 4GB GDDR6),"RM3,799.00","""ACE-AN515-55-52Z1"";"
217,"""ASUS"";","""7158"";",https://www.senheng.com.my/asus-zenbook13-13.3-inch-i5-1135g7-8g-on-bd-512g-asu-ux325e-aeg060ts.html,ASUS Zenbook13 13.3 Inch (I5-1135G7/8G[ON BD]/512G) ASU-UX325E-AEG060TS,"RM3,999.00","""ASU-UX325E-AEG060TS"";"
218,"""ASUS"";","""7158"";",https://www.senheng.com.my/asus-laptop-a516-15-6-inch-intel-core-i3-1005g1-processor-1-2-ghz-4m-cache-up-to-3-4-ghz-4gb-on-board-pcieg3-2-nvme-256gb-m-2-ssd.html,"ASUS Laptop A516 15.6 Inch (Intel® Core™ i3-1005G1 Processor 1.2 GHz (4M Cache, up to 3.4 GHz)/4GB on board/PCIEG3x2 NVME 256GB M.2 SSD)","RM2,049.00","""ASU-A516J-ABR374TS"";"
219,"""ASUS"";","""7158"";",https://www.senheng.com.my/asus-a516-15.6-inch-laptop-intel-celeron-n4020-processor-4gb-256gb.html,Asus A516 15.6 Inch Laptop (Intel Celeron N4020 Processor/4GB/256GB),"RM1,399.00","""ASU-A516M-ABQ155T"";"
220,"""TP-Link"";","""7158"";",https://www.senheng.com.my/tp-link-bluetooth-4-0-nano-usb-adapter-ub400.html,TP-Link Bluetooth 4.0 Nano USB Adapter UB400,RM24.00,"""TP-UB400"";"
221,"""Logitech"";","""7158"";",https://www.senheng.com.my/logitech-wireless-mouse-m185.html,Logitech Wireless Mouse M185,RM 69.00,"""LGT-M185-CFG"";"
222,"""SanDisk"";","""7158"";",https://www.senheng.com.my/sandisk-ixpand-mini-flash-drive-for-your-iphone.html,SanDisk iXpand Mini Flash Drive For Your iPhone,RM 70.00,"""SD-IX40N-CFG"";"
223,"""Acer"";","""7158"";",https://www.senheng.com.my/acer-chromebook-cp311-2h.html,Acer Chromebook CP311-2H,"RM1,499.00","""ACE-CP311-2H-C27N"";"
224,"""Acer"";","""7158"";",https://www.senheng.com.my/acer-swift-5-sf514-54t-70aa.html,Acer Swift 5 SF514-54T-70AA,"RM4,699.00","""ACE-SF514-54T-70AA"";"
225,"""ASUS"";","""7158"";",https://www.senheng.com.my/asus-tuf-gaming-a15-r5-4600h-15.6-inch-8gbm-ddr4-3200-512g-pcie-nvme-ssd-gtx1650%20gddr6-4gb-asu-fa506i-hhn137t.html,ASUS TUF Gaming A15 R5-4600H 15.6 Inch (8GBM DDR4 3200/512G PCIE NVME SSD/GTX1650 GDDR6/4GB) ASU-FA506I-HHN137T,"RM3,499.00","""ASU-FA506I-HHN137T"";"
226,"""TP-Link"";","""7158"";",https://www.senheng.com.my/tp-link-300mbps-wireless-n-adsl2-modem-router-td-w8961n.html,TP-Link 300Mbps Wireless N ADSL2+ Modem Router TD-W8961N,RM93.00,"""TP-TD-W8961N"";"
227,"""HP"";","""7158"";",https://www.senheng.com.my/hp-680-tri-color-original-ink-advantage-cartridge.html,HP 680 Tri-color Original Ink Advantage Cartridge,RM40.00,"""HP-680-TRI-COLOR"";"
228,"""Acer"";","""7158"";",https://www.senheng.com.my/acer-aspire-3-15-6-inch-i5-1035g1-4gb-ram-512gb-ssd-ace-a315-57g-57l2.html,Acer Aspire 3 15.6 Inch (i5-1035G1/4GB RAM/512GB SSD) ACE-A315-57G-57L2,"RM2,599.00","""ACE-A315-57G-57L2"";"
229,"""TP-Link"";","""7158"";",https://www.senheng.com.my/tp-link-8-port-10-100-1000mbps-desktop-network-switch-ls108g.html,TP-Link 8-Port 10/100/1000Mbps Desktop Network Switch LS108G,RM99.00,"""LS108G"";"
230,"""Acer"";","""7158"";",https://www.senheng.com.my/acer-aspire-3-14-inch-laptop-ace-a314-22-r4jw-amd-athlon-silver-3050u-4gb-ddr4-256gb-pcie-nvme-ssd.html,Acer Aspire 3 14 Inch Laptop ACE-A314-22-R4JW (AMD Athlon Silver 3050u/4GB DDR4/256GB PCIe NVMe SSD),"RM1,799.00","""ACE-A314-22-R4JW"";"
231,"""Apple"";","""7158"";",https://www.senheng.com.my/apple-usb-c-digital-av-multiport-adapter.html,Apple USB-C Digital AV Multiport Adapter,RM349.00,"""APP-MUF82ZA/A"";"
232,"""HP"";","""7158"";",https://www.senheng.com.my/hp-laptop-14s-fq0075au-14-inch-r3-4300u-4gb-512gb-ssd.html,HP Laptop 14s-fq0075AU 14-Inch (R3-4300U/4GB/512GB SSD),"RM2,169.00","""HP-14SFQ0075AU"";"
233,"""ASUS"";","""7158"";",https://www.senheng.com.my/asus-tuf-gaming-a17-fa706i-ih7079t-1-w10-laptop-17-3-inch-r7-4800h-8gb-512gb-gtx1650ti-4gb.html,ASUS TUF Gaming A17 FA706I-IH7079T-1-W10 Laptop 17.3 Inch (R7-4800H/8GB/512GB/GTX1650Ti 4GB),"RM4,299.00","""ASU-FA706I-IH7079T"";"
234,"""TP-Link"";","""7158"";",https://www.senheng.com.my/tp-link-ac1200-wi-fi-range-extender-re305.html,TP-Link AC1200 Wi-Fi Range Extender RE305,RM195.00,"""TP-RE305"";"
235,"""HP"";","""7158"";",https://www.senheng.com.my/hp-notebook-14s-cf2039tx-14s-cf2038tx-14-inch-4gb-512gb-ssd-i5-10210u-amd-radeon-530-graphics.html,HP Notebook 14s-cf2039tx / 14s-cf2038tx 14 Inch (4GB/512GB SSD/i5-10210U/AMD Radeon™ 530 Graphics),"RM 2,169.00","""HP-14CF-CFG"";"
236,"""Apple"";","""7158"";",https://www.senheng.com.my/apple-16-inch-macbook-pro.html,Apple 16-inch MacBook Pro,"RM10,499.00","""APP-MBP16-2020-CFG"";"
237,"""Apple"";","""7158"";",https://www.senheng.com.my/apple-13-inch-macbook-pro-with-touch-bar-and-two-thunderbolt-3-ports.html,Apple 13-inch MacBook Pro with Touch Bar and Two Thunderbolt 3 ports,"RM2,399.00","""APP-MBP13-2020-2USB-CFG"";"
238,"""MSI"";","""7158"";",https://www.senheng.com.my/msi-23-6-inch-optix-g241vc-msi-g241vc.html,MSI 23.6 Inch Optix G241VC MSI-G241VC,RM649.00,"""MSI-G241VC"";"
239,"""MSI"";","""7158"";",https://www.senheng.com.my/msi-14-prestige-14-inch-i5-10210u-512gb-nvme-pcie-ssd-ddr-iv-16gb-2666mhz-mx330-2gb-gddr5-msi-p14-a10ras-223my.html,"MSI 14 Prestige 14 Inch (I5-10210U/512GB NVMe PCIe SSD/DDR IV 16GB 2666MHz/MX330, 2GB GDDR5) MSI-P14-A10RAS-223MY","RM4,299.00","""MSI-P14-A10RAS-223MY"";"
240,"""Apple"";","""7158"";",https://www.senheng.com.my/apple-macbook-air-m1-chip-2020.html,"Apple MacBook Air (M1 chip, 2020)","RM4,399.00","""APP-MACBOOKAIR-M1-2020-CFG"";"
241,"""Apple"";","""7158"";",https://www.senheng.com.my/apple-13-inch-macbook-pro-m1-chip-2020.html,"Apple MacBook Pro (13-inch, M1 chip, 2020)","RM5,599.00","""APP-MACBOOKPRO-M1-2020-CFG"";"
242,"""MSI"";","""7158"";",https://www.senheng.com.my/msi-mpg-artymis-343cqr-34-inch-monitor-msi-mpg343cqr.html,MSI MPG ARTYMIS 343CQR 34 Inch Monitor MSI-MPG343CQR,"RM3,999.00","""MSI-MPG343CQR"";"
243,"""MSI"";","""7158"";",https://www.senheng.com.my/msi-mpg-trident-as-10th-msi-mpgtrident-as60.html,MSI MPG Trident AS 10th MSI-MPGTRIDENT-AS60,"RM7,499.00","""MSI-MPGTRIDENT-AS60"";"
244,"""MSI"";","""7158"";",https://www.senheng.com.my/msi-mpg-trident-as-10th-msi-mpgtrident-as70.html,MSI MPG Trident AS 10th MSI-MPGTRIDENT-AS70,"RM8,999.00","""MSI-MPGTRIDENT-AS70"";"
245,"""MSI"";","""7158"";",https://www.senheng.com.my/msi-optix-g27cq4-27-inch-monitor-msi-g27cq4.html,MSI Optix G27CQ4 27 Inch Monitor MSI-G27CQ4,"RM1,638.00","""MSI-G27CQ4"";"
246,"""TP-Link"";","""7158"";",https://www.senheng.com.my/tp-link-bluetooth-4-0-nano-usb-adapter-ub400.html,TP-Link Bluetooth 4.0 Nano USB Adapter UB400,RM24.00,"""TP-UB400"";"
247,"""ASUS"";","""7158"";",https://www.senheng.com.my/asus-laptop-a516-15-6-inch-intel-core-i3-1005g1-processor-1-2-ghz-4m-cache-up-to-3-4-ghz-4gb-on-board-pcieg3-2-nvme-256gb-m-2-ssd.html,"ASUS Laptop A516 15.6 Inch (Intel® Core™ i3-1005G1 Processor 1.2 GHz (4M Cache, up to 3.4 GHz)/4GB on board/PCIEG3x2 NVME 256GB M.2 SSD)","RM2,049.00","""ASU-A516J-ABR374TS"";"
248,"""SanDisk"";","""7158"";",https://www.senheng.com.my/sandisk-ixpand-mini-flash-drive-for-your-iphone.html,SanDisk iXpand Mini Flash Drive For Your iPhone,RM 31.00,"""SD-IX40N-CFG"";"
249,"""Logitech"";","""7158"";",https://www.senheng.com.my/logitech-wireless-mouse-m185.html,Logitech Wireless Mouse M185,RM 69.00,"""LGT-M185-CFG"";"
250,"""Acer"";","""7158"";",https://www.senheng.com.my/acer-swift-5-sf514-54t-70aa.html,Acer Swift 5 SF514-54T-70AA,"RM4,699.00","""ACE-SF514-54T-70AA"";"
251,"""ASUS"";","""7158"";",https://www.senheng.com.my/asus-tuf-gaming-a15-r5-4600h-15.6-inch-8gbm-ddr4-3200-512g-pcie-nvme-ssd-gtx1650%20gddr6-4gb-asu-fa506i-hhn137t.html,ASUS TUF Gaming A15 R5-4600H 15.6 Inch (8GBM DDR4 3200/512G PCIE NVME SSD/GTX1650 GDDR6/4GB) ASU-FA506I-HHN137T,"RM3,499.00","""ASU-FA506I-HHN137T"";"
252,"""TP-Link"";","""7158"";",https://www.senheng.com.my/tp-link-300mbps-wireless-n-adsl2-modem-router-td-w8961n.html,TP-Link 300Mbps Wireless N ADSL2+ Modem Router TD-W8961N,RM93.00,"""TP-TD-W8961N"";"
253,"""HP"";","""7158"";",https://www.senheng.com.my/hp-680-tri-color-original-ink-advantage-cartridge.html,HP 680 Tri-color Original Ink Advantage Cartridge,RM40.00,"""HP-680-TRI-COLOR"";"
254,"""Acer"";","""7158"";",https://www.senheng.com.my/acer-chromebook-cp311-2h.html,Acer Chromebook CP311-2H,"RM1,499.00","""ACE-CP311-2H-C27N"";"
255,"""Acer"";","""7158"";",https://www.senheng.com.my/acer-aspire-3-15-6-inch-i5-1035g1-4gb-ram-512gb-ssd-ace-a315-57g-57l2.html,Acer Aspire 3 15.6 Inch (i5-1035G1/4GB RAM/512GB SSD) ACE-A315-57G-57L2,"RM2,599.00","""ACE-A315-57G-57L2"";"
256,"""TP-Link"";","""7158"";",https://www.senheng.com.my/tp-link-8-port-10-100-1000mbps-desktop-network-switch-ls108g.html,TP-Link 8-Port 10/100/1000Mbps Desktop Network Switch LS108G,RM99.00,"""LS108G"";"
257,"""Apple"";","""7158"";",https://www.senheng.com.my/apple-usb-c-digital-av-multiport-adapter.html,Apple USB-C Digital AV Multiport Adapter,RM349.00,"""APP-MUF82ZA/A"";"
258,"""Acer"";","""7158"";",https://www.senheng.com.my/acer-aspire-3-14-inch-laptop-ace-a314-22-r4jw-amd-athlon-silver-3050u-4gb-ddr4-256gb-pcie-nvme-ssd.html,Acer Aspire 3 14 Inch Laptop ACE-A314-22-R4JW (AMD Athlon Silver 3050u/4GB DDR4/256GB PCIe NVMe SSD),"RM1,799.00","""ACE-A314-22-R4JW"";"
259,"""ASUS"";","""7158"";",https://www.senheng.com.my/asus-tuf-gaming-a17-fa706i-ih7079t-1-w10-laptop-17-3-inch-r7-4800h-8gb-512gb-gtx1650ti-4gb.html,ASUS TUF Gaming A17 FA706I-IH7079T-1-W10 Laptop 17.3 Inch (R7-4800H/8GB/512GB/GTX1650Ti 4GB),"RM4,299.00","""ASU-FA706I-IH7079T"";"
260,"""TP-Link"";","""7158"";",https://www.senheng.com.my/tp-link-ac1200-wi-fi-range-extender-re305.html,TP-Link AC1200 Wi-Fi Range Extender RE305,RM195.00,"""TP-RE305"";"
261,"""HP"";","""7158"";",https://www.senheng.com.my/hp-laptop-14s-fq0075au-14-inch-r3-4300u-4gb-512gb-ssd.html,HP Laptop 14s-fq0075AU 14-Inch (R3-4300U/4GB/512GB SSD),"RM2,169.00","""HP-14SFQ0075AU"";"
262,"""TP-Link"";","""7158"";",https://www.senheng.com.my/tp-link-ac600-high-power-wireless-dual-band-usb-adapter-archer-t2uhp.html,TP-Link AC600 High Power Wireless Dual Band USB Adapter Archer T2UHP,RM120.00,"""TP-ARCHERT2UHP"";"
263,"""Acer"";","""7158"";",https://www.senheng.com.my/acer-swift-3x-14-inch-i7-1165g7-16gb-ram-512gb-ssd-sf314-510g-761j.html,Acer Swift 3x 14 Inch (i7-1165G7/16GB RAM/512GB SSD)SF314-510G-761J,"RM4,599.00","""ACE-SF314-510G-761J"";"
264,"""MSI"";","""7158"";",https://www.senheng.com.my/msi-prestige-14-a10ras-087my-14-inch-16gb-512gb-i7-10510u-geforcer-mx330-with-2gb-gddr5.html,MSI Prestige 14 A10RAS-087 14 Inch (16GB/512GB/i7-10510U/Geforce® MX330 with 2GB GDDR5),"RM5,199.00","""MSI-P14-A10RAS-087MY"";"
265,,,https://www.senheng.com.my/asus-rog-zephyrus-m15-laptop-15.6-inch-i7-10750h-16gb-1-tb-ssd-gtx1660ti-6g-win10-asu-gu502l-ua087t.html,ASUS ROG Zephyrus M15 LAPTOP 15.6 Inch (i7-10750H/16GB/1 TB SSD/GTX1660TI 6G/WIN10) ASU-GU502L-UAZ087T,"RM6,999.00",
266,"""MSI"";","""7158"";",https://www.senheng.com.my/msi-clutch-gm10-black-gaming-mouse.html,MSI Clutch GM10 Black Gaming Mouse,RM113.00,"""MSI-GM10"";"
267,"""TP-Link"";","""7158"";",https://www.senheng.com.my/tp-link-ac1200-wireless-mu-mimo-gigabit-router-archer-c6.html,TP-Link AC1200 Wireless MU-MIMO Gigabit Router Archer C6,RM179.00,"""TP-ARCHERC6"";"
268,"""TP-Link"";","""7158"";",https://www.senheng.com.my/tp-link%20ax1800%20whole%20home%20mesh%20wi-fi%20system%20deco%20x20(3-pack).html,TP-Link AX1800 Whole Home Mesh Wi-Fi System Deco X20(3-pack),"RM1,159.00","""TP-DECOX20.3PK"";"
269,"""Huawei"";","""7158"";",https://www.senheng.com.my/huawei-wifi-ax3-quad-core.html,HUAWEI WiFi AX3 (Quad-Core),RM299.00,"""HUA-WIFIAX3"";"
270,"""Logitech"";","""7158"";",https://www.senheng.com.my/logitech-m377-bluetooth-mouse.html,Logitech M377 Bluetooth Mouse,RM 82.00,"""LGT-M337-CFG"";"
271,"""TP-Link"";","""7158"";",https://www.senheng.com.my/tp-link-ax6000-next-gen-wi-fi-router-archer-ax6000.html,TP-Link AX6000 Wi-Fi 6 Next-Gen Router Archer AX6000,"RM1,029.00","""TP-ARCHERAX6000"";"
272,"""Logitech"";","""7158"";",https://www.senheng.com.my/logitech-m171-wireless-mouse.html,Logitech M171 Wireless Mouse,RM 35.00,"""LGT-M171-CFG"";"
273,"""ASUS"";","""7158"";",https://www.senheng.com.my/asus-a416-14-inch-laptop-intel-celeron-n4020-processor-4gb-256gb.html,Asus A416 14 Inch Laptop (Intel Celeron N4020 Processor/4GB/256GB),"RM1,399.00","""ASU-A416M-AEB093T"";"
274,"""Canon"";","""7158"";",https://www.senheng.com.my/canon-pixma-e470-multifunction-wireless-printer.html,Canon Pixma E470 Multifunction Wireless Printer,RM306.00,"""CNN-E470"";"
275,"""Huawei"";","""7158"";",https://www.senheng.com.my/huawei-13-9-inches-matebook-x-pro-11th-gen-hua-mbookxpro-i5.html,HUAWEI MateBook X Pro (11th Gen) - Emerald Green,"RM6,899.00","""PAC-MBOOKXPRO-I5-GF"";"
276,"""Apple"";","""7158"";",https://www.senheng.com.my/apple-13-inch-macbook-pro-with-touch-bar-and-two-thunderbolt-3-ports.html,Apple 13-inch MacBook Pro with Touch Bar and Two Thunderbolt 3 ports,"RM2,399.00","""APP-MBP13-2020-2USB-CFG"";"
277,"""HP"";","""7158"";",https://www.senheng.com.my/hp-pavilion-gaming-15-laptop-i7-1165g7-8gb-512gb-ssd-mx450-2gb-15-eg0109tx.html,HP Pavilion Gaming 15 Laptop (i7-1165G7/8GB/512GB SSD/MX450 2GB) 15-EG0109TX,"RM3,999.00","""HP-15EG0109TX"";"
278,"""Logitech"";","""7158"";",https://www.senheng.com.my/logitech-mx-master-3.html,Logitech MX Master 3,RM449.00,"""LGT-MXMASTER-3"";"
279,"""SanDisk"";","""7158"";",https://www.senheng.com.my/sandisk-ultra-usb-3.0-flash-drive.html,SanDisk Ultra USB 3.0 Flash Drive,RM 146.00,"""SD-DD3-CFG"";"
280,"""Apple"";","""7158"";",https://www.senheng.com.my/apple-magic-mouse-2-space-gray.html,Apple Magic Mouse 2 - Space Gray,RM379.00,"""APP-MRME2ZA/A"";"
281,"""HP"";","""7158"";",https://www.senheng.com.my/hp-envy13-i7-1165g7-16gb-ddr4-512gb-ssd-mx450-2gb-13-ba1011tx.html,HP ENVY13 (i7-1165G7/16GB DDR4/512GB SSD/ MX450 2GB) 13-BA1011TX,"RM5,499.00","""HP-13BA1011TX"";"
282,"""HP"";","""7158"";",https://www.senheng.com.my/hp-notebook-14s-cf2039tx-14s-cf2038tx-14-inch-4gb-512gb-ssd-i5-10210u-amd-radeon-530-graphics.html,HP Notebook 14s-cf2039tx / 14s-cf2038tx 14 Inch (4GB/512GB SSD/i5-10210U/AMD Radeon™ 530 Graphics),"RM 2,169.00","""HP-14CF-CFG"";"
283,"""Apple"";","""7158"";",https://www.senheng.com.my/apple-16-inch-macbook-pro.html,Apple 16-inch MacBook Pro,"RM10,499.00","""APP-MBP16-2020-CFG"";"
284,"""Apple"";","""7158"";",https://www.senheng.com.my/apple-13-inch-macbook-pro-with-touch-bar-and-two-thunderbolt-3-ports.html,Apple 13-inch MacBook Pro with Touch Bar and Two Thunderbolt 3 ports,"RM2,399.00","""APP-MBP13-2020-2USB-CFG"";"
285,"""MSI"";","""7158"";",https://www.senheng.com.my/msi-23-6-inch-optix-g241vc-msi-g241vc.html,MSI 23.6 Inch Optix G241VC MSI-G241VC,RM649.00,"""MSI-G241VC"";"
286,"""MSI"";","""7158"";",https://www.senheng.com.my/msi-14-prestige-14-inch-i5-10210u-512gb-nvme-pcie-ssd-ddr-iv-16gb-2666mhz-mx330-2gb-gddr5-msi-p14-a10ras-223my.html,"MSI 14 Prestige 14 Inch (I5-10210U/512GB NVMe PCIe SSD/DDR IV 16GB 2666MHz/MX330, 2GB GDDR5) MSI-P14-A10RAS-223MY","RM4,299.00","""MSI-P14-A10RAS-223MY"";"
287,"""Apple"";","""7158"";",https://www.senheng.com.my/apple-macbook-air-m1-chip-2020.html,"Apple MacBook Air (M1 chip, 2020)","RM4,399.00","""APP-MACBOOKAIR-M1-2020-CFG"";"
288,"""Apple"";","""7158"";",https://www.senheng.com.my/apple-13-inch-macbook-pro-m1-chip-2020.html,"Apple MacBook Pro (13-inch, M1 chip, 2020)","RM5,599.00","""APP-MACBOOKPRO-M1-2020-CFG"";"
289,"""MSI"";","""7158"";",https://www.senheng.com.my/msi-mpg-artymis-343cqr-34-inch-monitor-msi-mpg343cqr.html,MSI MPG ARTYMIS 343CQR 34 Inch Monitor MSI-MPG343CQR,"RM3,999.00","""MSI-MPG343CQR"";"
290,"""MSI"";","""7158"";",https://www.senheng.com.my/msi-mpg-trident-as-10th-msi-mpgtrident-as60.html,MSI MPG Trident AS 10th MSI-MPGTRIDENT-AS60,"RM7,499.00","""MSI-MPGTRIDENT-AS60"";"
291,"""MSI"";","""7158"";",https://www.senheng.com.my/msi-mpg-trident-as-10th-msi-mpgtrident-as70.html,MSI MPG Trident AS 10th MSI-MPGTRIDENT-AS70,"RM8,999.00","""MSI-MPGTRIDENT-AS70"";"
292,"""MSI"";","""7158"";",https://www.senheng.com.my/msi-optix-g27cq4-27-inch-monitor-msi-g27cq4.html,MSI Optix G27CQ4 27 Inch Monitor MSI-G27CQ4,"RM1,638.00","""MSI-G27CQ4"";"
293,"""Logitech"";","""7158"";",https://www.senheng.com.my/logitech-m377-bluetooth-mouse.html,Logitech M377 Bluetooth Mouse,RM 82.00,"""LGT-M337-CFG"";"
294,"""Huawei"";","""7158"";",https://www.senheng.com.my/huawei-wifi-ax3-quad-core.html,HUAWEI WiFi AX3 (Quad-Core),RM299.00,"""HUA-WIFIAX3"";"
295,"""Logitech"";","""7158"";",https://www.senheng.com.my/logitech-m171-wireless-mouse.html,Logitech M171 Wireless Mouse,RM 35.00,"""LGT-M171-CFG"";"
296,"""TP-Link"";","""7158"";",https://www.senheng.com.my/tp-link-ax6000-next-gen-wi-fi-router-archer-ax6000.html,TP-Link AX6000 Wi-Fi 6 Next-Gen Router Archer AX6000,"RM1,029.00","""TP-ARCHERAX6000"";"
297,"""HP"";","""7158"";",https://www.senheng.com.my/hp-pavilion-gaming-15-laptop-i7-1165g7-8gb-512gb-ssd-mx450-2gb-15-eg0109tx.html,HP Pavilion Gaming 15 Laptop (i7-1165G7/8GB/512GB SSD/MX450 2GB) 15-EG0109TX,"RM3,999.00","""HP-15EG0109TX"";"
298,"""ASUS"";","""7158"";",https://www.senheng.com.my/asus-a416-14-inch-laptop-intel-celeron-n4020-processor-4gb-256gb.html,Asus A416 14 Inch Laptop (Intel Celeron N4020 Processor/4GB/256GB),"RM1,399.00","""ASU-A416M-AEB093T"";"
299,"""Canon"";","""7158"";",https://www.senheng.com.my/canon-pixma-e470-multifunction-wireless-printer.html,Canon Pixma E470 Multifunction Wireless Printer,RM306.00,"""CNN-E470"";"
300,"""Huawei"";","""7158"";",https://www.senheng.com.my/huawei-13-9-inches-matebook-x-pro-11th-gen-hua-mbookxpro-i5.html,HUAWEI MateBook X Pro (11th Gen) - Emerald Green,"RM6,899.00","""PAC-MBOOKXPRO-I5-GF"";"
301,"""Apple"";","""7158"";",https://www.senheng.com.my/apple-13-inch-macbook-pro-with-touch-bar-and-two-thunderbolt-3-ports.html,Apple 13-inch MacBook Pro with Touch Bar and Two Thunderbolt 3 ports,"RM2,399.00","""APP-MBP13-2020-2USB-CFG"";"
302,"""Logitech"";","""7158"";",https://www.senheng.com.my/logitech-mx-master-3.html,Logitech MX Master 3,RM449.00,"""LGT-MXMASTER-3"";"
303,"""Apple"";","""7158"";",https://www.senheng.com.my/apple-magic-mouse-2-space-gray.html,Apple Magic Mouse 2 - Space Gray,RM379.00,"""APP-MRME2ZA/A"";"
304,"""HP"";","""7158"";",https://www.senheng.com.my/hp-envy13-i7-1165g7-16gb-ddr4-512gb-ssd-mx450-2gb-13-ba1011tx.html,HP ENVY13 (i7-1165G7/16GB DDR4/512GB SSD/ MX450 2GB) 13-BA1011TX,"RM5,499.00","""HP-13BA1011TX"";"
305,"""MSI"";","""7158"";",https://www.senheng.com.my/msi-gaming-shield-mousepad.html,MSI Gaming Shield Mousepad,RM70.00,"""MSI-SHIELD.MOSPAD"";"
306,"""SanDisk"";","""7158"";",https://www.senheng.com.my/sandisk-ultra-usb-3.0-flash-drive.html,SanDisk Ultra USB 3.0 Flash Drive,RM 146.00,"""SD-DD3-CFG"";"
307,"""SanDisk"";","""7158"";",https://www.senheng.com.my/sandisk-ultra-flair-usb-3-0-flash-drive-32gb-sd-cz73-032g-g46.html,SanDisk Ultra Flair USB 3.0 Flash Drive 32GB SD-CZ73-032G-G46,RM31.00,"""SD-CZ73-032G-G46"";"
308,"""Microsoft"";","""7158"";",https://www.senheng.com.my/microsoft-office-home-and-business-2019-1-pc-mac-t5d-03249.html,Microsoft Office Home and Business 2019 - 1 PC/MAC (MS-T5D-03302),"RM1,289.00 1,421.00","""MS-T5D-03302"";"
309,"""Rapoo"";","""7158"";",https://www.senheng.com.my/rapoo-7100p-wireless-optical-mouse-black.html,Rapoo 7100P Wireless Optical Mouse (Black),RM92.00,"""RAP-7100P/BLK"";"
310,"""Canon"";","""7158"";",https://www.senheng.com.my/canon-pixma-all-in-one-printer-cnn-e410.html,Canon PIXMA All-in-One Printer CNN-E410,RM238.00,"""CNN-E410"";"
311,"""Samsung"";","""7158"";",https://www.senheng.com.my/samsung-32gb-evo-plus-microsd-card-with-sd-adapter-sam-mb-mc32ga-apc.html,Samsung 32GB EVO Plus microSD Card with SD Adapter SAM-MB-MC32GA/APC,RM39.00,"""SAM-MB-MC32GA/APC"";"
312,"""MSI"";","""7158"";",https://www.senheng.com.my/msi-gaming-mouse-pad-xl.html,MSI Gaming Mouse Pad XL,RM136.00,"""MSI-GAMING.XL"";"
313,"""SanDisk"";","""7158"";",https://www.senheng.com.my/sandisk-ultra-dual-drive-usb-type-c-64gb-sd-ddc2-064g.html,SanDisk Ultra Dual Drive USB Type-C 64GB SD-DDC2-064G,RM70.00,"""SD-DDC2-064G"";"
314,"""Canon"";","""7158"";",https://www.senheng.com.my/canon-laser-shot-cnn-lbp6030.html,Canon Laser Shot CNN-LBP6030,RM320.00,"""CNN-LBP6030"";"
315,"""Rapoo"";","""7158"";",https://www.senheng.com.my/rapoo-wireless-7100p-wireless-optical-mouse-red.html,Rapoo Wireless 7100P Wireless Optical Mouse (Red),RM92.00,"""RAP-7100P/RED"";"
316,"""Microsoft"";","""7158"";",https://www.senheng.com.my/microsoft-modern-keyboard-with-fingerprint-id-ms-mic-ws2-00014.html,Microsoft Modern Keyboard with Fingerprint ID MS-MIC-WS2-00014,RM475.00,"""MS-MIC-WS2-00014"";"
317,"""Seagate"";","""7158"";",https://www.senheng.com.my/seagate-backup-plus-portable-drive-2tb-blue.html,Seagate Backup Plus Portable Drive 2TB - BLUE,RM362.00,"""SEA-BACKUP.2TB/BLUE"";"
318,"""MSI"";","""7158"";",https://www.senheng.com.my/msi-gaming-keyboard-vigor-gk40.html,MSI Gaming Keyboard VIGOR GK40,RM285.00,"""MSI-GK40"";"
319,"""Microsoft"";","""7158"";",https://www.senheng.com.my/microsoft-office-home-and-student-2019-1-pc-mac-79g-05066.html,Microsoft Office Home and Student 2019 - 1 PC/MAC (79G-05143),RM476.00 552.00,"""MS-79G-05143"";"
320,"""Microsoft"";","""7158"";",https://www.senheng.com.my/microsoft-surface-mouse-silver-ms-mic-ws3-00005.html,Microsoft Surface Mouse (Silver) MS-MIC-WS3-00005,RM241.00,"""MS-MIC-WS3-00005"";"
321,"""Seagate"";","""7158"";",https://www.senheng.com.my/seagate-backup-plus-slim-portable-drive-1tb-black-sea-backup-1tb-blk.html,Seagate Backup Plus Slim Portable Drive 1TB (Black) SEA-BACKUP.1TB/BLK,RM253.00,"""SEA-BACKUP.1TB/BLK"";"
322,"""MSI"";","""7158"";",https://www.senheng.com.my/msi-gaming-keyboard-interceptor-ds4100.html,MSI Gaming Keyboard Interceptor DS4100,RM150.00,"""MSI-DS4100"";"
323,"""SanDisk"";","""7158"";",https://www.senheng.com.my/sandisk-ultra-dual-drive-usb-type-c-32gb-sd-ddc2-032g.html,SanDisk Ultra Dual Drive USB Type-C 32GB SD-DDC2-032G,RM46.00,"""SD-DDC2-032G"";"
324,"""Canon"";","""7158"";",https://www.senheng.com.my/canon-pixma-printer-cnn-e510.html,Canon PIXMA Printer CNN-E510,RM294.00,"""CNN-E510"";"
325,"""SanDisk"";","""7158"";",https://www.senheng.com.my/sandisk-32gb-ultra-fittm-usb-3-1-flash-drive-sdcz430-032g-g46.html,SanDisk 32GB Ultra Fit™ USB 3.1 Flash Drive SDCZ430-032G-G46,RM31.00,"""SD-CZ430-032G-G46"";"
326,"""Rapoo"";","""7158"";",https://www.senheng.com.my/rapoo-m10-plus-wireless-optical-mouse-white.html,Rapoo M10 Plus Wireless Optical Mouse (White),RM39.00,"""RAP-M10+/WHITE"";"
327,"""Rapoo"";","""7158"";",https://www.senheng.com.my/rapoo-3920p-5g-wireless-laser-mouse.html,Rapoo 3920P 5G Wireless Laser Mouse,RM131.00,"""RAP-3920P"";"
328,"""Samsung"";","""7158"";",https://www.senheng.com.my/samsung-64gb-evo-plus-microsd-card-with-sd-adapter-sam-mb-mc64ga-apc.html,Samsung 64GB EVO Plus microSD Card with SD Adapter SAM-MB-MC64GA/APC,RM59.00,"""SAM-MB-MC64GA/APC"";"
